title,link,image
AOMEI Partition Assistant 9.14 + Technician Bootableبه‌روزشده در ‌ 4 دقیقه پیشدر ‌ مدیریت دیسک و پارتیشن1 دیدگاهدانلود AOMEI Partition Assistant ؛ برنامه مدیریت و پارتیشن بندی هارد دیسک,https://downloadly.ir/software/hard-partition-manager/aomei-partition-assistant/,https://downloadly.ir/wp-content/uploads/2019/04/AOMEI-Partition-Assistant.png
Print Conductor 8.1.2301.31170 Multilingualبه‌روزشده در ‌ 17 دقیقه پیشدر ‌ کاربردیدنلود Print Conductor ؛ ابزار چاپ دسته ای فایل و اسناد,https://downloadly.ir/software/utility/print-conductor/,https://downloadly.ir/wp-content/uploads/2019/05/Print-Conductor.png
MEGAsync 4.8.7 for Windows x86/x64به‌روزشده در ‌ 25 دقیقه پیشدر ‌ اینترنت2 دیدگاهدانلود MEGAsync ؛ ابزار همگام سازی و مدیریت,https://downloadly.ir/software/internet/megasync/,https://downloadly.ir/wp-content/uploads/2019/05/MEGAsync.png
VMware Workstation Pro 17.0.1 Windows/Player/ 17.0.0 Linuxبه‌روزشده در ‌ 34 دقیقه پیشدر ‌ کاربردی4 دیدگاهدانلود VMware ؛ نرم افزار حرفه ای شبیه سازی سیستم عامل ها و ایجاد شبکه بین آن ها,https://downloadly.ir/software/utility/vmware-workstation/,https://downloadly.ir/wp-content/uploads/2019/05/VMware-Workstation.png
Udemy – Python Loops and Looping Techniques: Beginner to Advanced 2021-10به‌روزشده در ‌ 1 ساعت پیشدر ‌ آموزش تصویریدانلود Python Loops and Looping Techniques: Beginner to Advanced | دوره آموزش کار با حلقه ها در پایتون,https://downloadly.ir/elearning/video-tutorials/python-loops-and-looping-techniques-beginner-to-advanced/,https://downloadly.ir/wp-content/uploads/2023/02/Python-Loops-and-Looping-Techniques-Beginner-to-Advanced.jpeg
BluffTitler 16.1.0.2 / Ultimate 15.8.1.9 Multilingualبه‌روزشده در ‌ 1 ساعت پیشدر ‌ ویرایش فیلم و صوت1 دیدگاهدانلود BluffTitler ؛ برنامه ساخت، رندرینگ و پخش افکت های ویدیویی 3D,https://downloadly.ir/software/audio-video-editors/blufftitler/,https://downloadly.ir/wp-content/uploads/2019/05/BluffTitler.png
StruSoft FEM-Design Suite 22.00.001 x64به‌روزشده در ‌ 1 ساعت پیشدر ‌ مهندسی و تخصصیدانلود FEM-Design Suite ; نرم افزار مدل سازی و طراحی سازه های فلزی,https://downloadly.ir/software/engineering-specialized/strusoft-fem-design-suite/,https://downloadly.ir/wp-content/uploads/2016/02/FEM-Design-Suite.jpg
Udemy – Deep Learning for Image Segmentation with Python & Pytorch 2022-12به‌روزشده در ‌ 2 ساعت پیشدر ‌ آموزش تصویریدانلود Deep Learning for Image Segmentation with Python & Pytorch | یادگیری عمیق برای تقسیم بندی تصویر با پایتون و Pytorch,https://downloadly.ir/elearning/video-tutorials/deep-learning-for-image-segmentation-with-python-pytorch/,https://downloadly.ir/wp-content/uploads/2023/02/Deep-Learning-for-Image-Segmentation-with-Python-Pytorch.jpeg
Udemy – Mastering Image Segmentation with PyTorch 2023-1به‌روزشده در ‌ 2 ساعت پیشدر ‌ آموزش تصویریدانلود Mastering Image Segmentation with PyTorch | تسلط بر بخش بندی تصویر با PyTorch,https://downloadly.ir/elearning/video-tutorials/mastering-image-segmentation-with-pytorch/,https://downloadly.ir/wp-content/uploads/2023/02/Mastering-Image-Segmentation-with-PyTorch.jpeg
Calibre 6.12.0 Multilingual x64 + Portableبه‌روزشده در ‌ امروز در 07:33در ‌ کاربردی3 دیدگاهدانلود Calibre ؛ برنامه مدیریت کتب دیجیتال,https://downloadly.ir/software/utility/calibre/,https://downloadly.ir/wp-content/uploads/2019/04/Calibre.png
Topaz Video AI 3.1.2 Win / 2.3.0 macOSبه‌روزشده در ‌ امروز در 07:26در ‌ ویرایش فیلم و صوتدانلود Topaz Video Enhance AI؛ نرم افزار افزایش کیفیت و بهینه‌سازی فایل‌های ویدیویی با هوش مصنوعی,https://downloadly.ir/software/audio-video-editors/topaz-video-enhance-ai/,https://downloadly.ir/wp-content/uploads/2021/11/Topaz-Video-Enhance-AI.jpg
XYplorer 24.00.0600 Multilingualبه‌روزشده در ‌ امروز در 07:18در ‌ کاربردی،مدیریت فایل و پوشه2 دیدگاهدانلود XYplorer ؛ برنامه مدیریت فایل,https://downloadly.ir/software/utility/xyplorer/,https://downloadly.ir/wp-content/uploads/2019/05/XYplorer.png
TablePlus 5.2.8 Win/ 3.11.0 macOSبه‌روزشده در ‌ امروز در 07:12در ‌ شبکه و سرور10 دیدگاهدانلود TablePlus ؛ برنامه مدیریت پایگاه های داده,https://downloadly.ir/software/network-server/tableplus/,https://downloadly.ir/wp-content/uploads/2019/10/TablePlus.png
IDM UEStudio 22.2.0.46 x86/x64به‌روزشده در ‌ امروز در 06:57در ‌ برنامه‌نویسیدانلود UEStudio ؛ ویرایش‌گر قدرتمند برنامه نویسی,https://downloadly.ir/software/programming/idm-uestudio-1/,https://downloadly.ir/wp-content/uploads/2019/06/UEStudio.png
IDM UltraEdit 29.2.0.46 Win/ 22.0.0.17 macOSبه‌روزشده در ‌ امروز در 06:50در ‌ برنامه‌نویسی،کاربردیدانلود UltraEdit ؛ نرم افزار ویرایش انواع فایل‌ها,https://downloadly.ir/software/programming/ultraedit-1/,https://downloadly.ir/wp-content/uploads/2019/04/UltraEdit.png
Pixologic ZBrush 2023.0.1 x64/ macOSبه‌روزشده در ‌ امروز در 06:44در ‌ گرافیک4 دیدگاهدانلود ZBrush ؛ ابزار ایجاد مدل های سه بعدی و پیچیده,https://downloadly.ir/software/graphic/pixologic-zbrush/,https://downloadly.ir/wp-content/uploads/2019/05/ZBrush.png
Topaz Photo AI v1.2.0 x64به‌روزشده در ‌ امروز در 06:27در ‌ گرافیک1 دیدگاهدانلود Topaz Photo AI | نرم افزار حذف نویز و افزایش وضوح تصویر,https://downloadly.ir/software/graphic/topaz-photo-ai/,https://downloadly.ir/wp-content/uploads/2023/01/Topaz-Photo-AI.n2-300x300.png
Udemy – Mastering IELTS Writing: Task 2 (Band 9 Model Answers) 2022-12به‌روزشده در ‌ امروز در 05:56در ‌ آموزش تصویری4 دیدگاهدانلود Mastering IELTS Writing: Task 2 (Band 9 Model Answers)، دوره آموزش تخصصی نوشتن مقالات آزمون IELTS Writing,https://downloadly.ir/elearning/video-tutorials/mastering-ielts-writing-task-2-band-9-model-answers-4/,https://downloadly.ir/wp-content/uploads/2020/05/Mastering-IELTS-Writing-Task-2-Band-9-Model-Answers-300x300.jpg
Coursera – Mathematics for Machine Learning and Data Science Specialization 2023-2به‌روزشده در ‌ امروز در 04:09در ‌ آموزش تصویریدانلود Mathematics for Machine Learning and Data Science Specialization | دوره تخصصی ریاضیات برای یادگیری ماشین و علوم داده,https://downloadly.ir/elearning/video-tutorials/mathematics-for-machine-learning-and-data-science-specialization/,https://downloadly.ir/wp-content/uploads/2023/01/Mathematics-for-Machine-Learning-and-Data-Science-Specialization-300x300.jpeg
Microsoft Edge 109.0.1518.78 x86/x64به‌روزشده در ‌ امروز در 03:46در ‌ اینترنتدانلود Microsoft Edge ؛ مرورگر جدید مایکروسافت,https://downloadly.ir/software/internet/microsoft-edge/,https://downloadly.ir/wp-content/uploads/2021/01/Microsoft-Edge.png
Udemy – Ultimate AWS Certified Solutions Architect Professional 2022 2023-1به‌روزشده در ‌ امروز در 03:35در ‌ آموزش تصویریدانلود Ultimate AWS Certified Solutions Architect Professional؛ دوره آموزش تصویری راه حل های مبتنی بر AWS,https://downloadly.ir/elearning/video-tutorials/ultimate-aws-certified-solutions-architect-professional/,https://downloadly.ir/wp-content/uploads/2022/09/Ultimate-AWS-Certified-Solutions-Architect-Professional-1.jpg
"Udemy – Complete NodeJS Developer in 2022 (GraphQL, MongoDB, + more) 2022-6به‌روزشده در ‌ امروز در 02:12در ‌ آموزش تصویری7 دیدگاهدانلود Complete NodeJS Developer in 2022 (GraphQL, MongoDB, + more)، دوره جامع آموزش توسعه بک اند و برنامه نویسی Node.js",https://downloadly.ir/elearning/video-tutorials/complete-nodejs-developer-in-2022-graphql-mongodb-more-2/,https://downloadly.ir/wp-content/uploads/2021/09/Complete-Node.js-Developer-in-2021-Zero-to-Mastery-300x300.jpg
Slitheris Network Discovery Pro 1.1.309به‌روزشده در ‌ دیروز در 23:31در ‌ شبکه و سروردانلود Slitheris Network Discovery ، نرم افزار حرفه ای اسکن IP دستگاه های متصل به شبکه برای ویندوز ، نمایش نام ، سیستم عامل و …,https://downloadly.ir/software/network-server/slitheris-network-discovery/,https://downloadly.ir/wp-content/uploads/2020/09/Slitheris-Network-Discovery.png
Frontend Masters – React Performance 2023-1به‌روزشده در ‌ دیروز در 21:07در ‌ آموزش تصویریدانلود React Performance | بهینه سازی برنامه های کاربردی React برای حداکثر عملکرد,https://downloadly.ir/elearning/video-tutorials/react-performance/,https://downloadly.ir/wp-content/uploads/2023/02/React-Performance-300x300.jpeg
EduIQ Net Monitor for Employees Professional 5.8.20به‌روزشده در ‌ دیروز در 20:45در ‌ شبکه و سروردانلود EduIQ Net Monitor for Employees ؛ برنامه نظارت و مدیریت بر کامپیوتر های شبکه,https://downloadly.ir/software/network-server/eduiq-net-monitor-for-employees/,https://downloadly.ir/wp-content/uploads/2019/07/EduIQ-Net-Monitor-for-Employees.png
Udemy – Bartender Pro: Become A Hospitality Bartender Today! 2022-9به‌روزشده در ‌ دیروز در 19:53در ‌ آموزش تصویریدانلود !Bartender Pro: Become A Hospitality Bartender Today | دوره متصدی بار حرفه ایی,https://downloadly.ir/elearning/video-tutorials/bartender-pro-become-a-hospitality-bartender-today/,https://downloadly.ir/wp-content/uploads/2023/02/Bartender-Pro-Become-A-Hospitality-Bartender-Today.jpeg
HDRsoft Photomatix Pro 7.0 Win + Portable/ macOSبه‌روزشده در ‌ دیروز در 20:12در ‌ گرافیکدانلود Photomatix ؛ برنامه ایجاد تصاویر HDR,https://downloadly.ir/software/graphic/hdrsoft-photomatix/,https://downloadly.ir/wp-content/uploads/2019/09/Photomatix.png
JRiver Media Center 30.0.59 Win/ 25.0.123 macOSبه‌روزشده در ‌ دیروز در 19:45در ‌ پخش‌کنندهدانلود JRiver Media Center ؛ ایستگاه پخش موسیقی و فیلم,https://downloadly.ir/software/player/jriver-media-center/,https://downloadly.ir/wp-content/uploads/2019/04/JRiver-Media-Center.png
FBackup 9.8.721 Multilingualبه‌روزشده در ‌ دیروز در 19:38در ‌ پشتیبان‌گیریدانلود FBackup ؛ برنامه رایگان پشتیبان گیری از اطلاعات,https://downloadly.ir/software/backup/fbackup/,https://downloadly.ir/wp-content/uploads/2019/05/FBackup.png
LibreOffice 7.5.0 x86/x64به‌روزشده در ‌ دیروز در 19:33در ‌ کار با متن و PDFدانلود LibreOffice ؛ مجموعه نرم افزار رایگان جایگزین مایکروسافت آفیس,https://downloadly.ir/software/office-pdf/libreoffice/,https://downloadly.ir/wp-content/uploads/2019/05/LibreOffice.png
R-Studio 9.2 Build 191126 Technician / 191044 Networkبه‌روزشده در ‌ دیروز در 19:25در ‌ بازیابی اطلاعات4 دیدگاهدانلود R-Studio ؛ نرم افزار سریع و قدرتمند بازیابی اطلاعات,https://downloadly.ir/software/data-recovery/r-studio/,https://downloadly.ir/wp-content/uploads/2019/05/R-Studio.png
R-Wipe & Clean 20.0.2390به‌روزشده در ‌ دیروز در 19:20در ‌ کاربردی1 دیدگاهدانلود R-Wipe & Clean ؛ برنامه حذف فایل های بی استفاده,https://downloadly.ir/software/utility/r-wipe-clean/,https://downloadly.ir/wp-content/uploads/2019/05/R-Wipe-Clean.png
Aiseesoft Video Converter Ultimate 10.6.18 Win/ 10.3.52 macOSبه‌روزشده در ‌ دیروز در 18:09در ‌ تبدیل‌کننده فرمت‌ها2 دیدگاهدانلود Aiseesoft Total Video Converter ؛ یکی از برترین برنامه‌های تبدیل فرمت‌های ویدیویی,https://downloadly.ir/software/converter/aiseesoft-total-video-converter/,https://downloadly.ir/wp-content/uploads/2019/08/Aiseesoft-Total-Video-Converter.png
PhraseExpress 16.1.6به‌روزشده در ‌ دیروز در 18:02در ‌ کاربردیدانلود PhraseExpress، یک نرم افزار حرفه ای برای استفاده از الگو های متنی,https://downloadly.ir/software/utility/phraseexpress/,https://downloadly.ir/wp-content/uploads/2021/02/PhraseExpress-300x300.jpg
EssentialPIM Pro Business 11.2.4 Multilingualبه‌روزشده در ‌ دیروز در 17:01در ‌ کاربردیدانلود EssentialPIM ؛ برنامه مدیریت اطلاعات شخصی,https://downloadly.ir/software/utility/essentialpim/,https://downloadly.ir/wp-content/uploads/2019/05/EssentialPIM.png
Autodesk PowerMill Ultimate 2023.1.1 x64به‌روزشده در ‌ دیروز در 16:53در ‌ مهندسی و تخصصی10 دیدگاهدانلود PowerMill ؛ نرم افزار قدرتمند ماشین کاری سی ان سی,https://downloadly.ir/software/engineering-specialized/powermill/,https://downloadly.ir/wp-content/uploads/2019/07/PowerMill.png
LDPlayer Android Emulator 9.0.36به‌روزشده در ‌ دیروز در 16:45در ‌ ابزار موبایل3 دیدگاهدانلود LDPlayer ؛ شبیه ساز اندروید برای ویندوز,https://downloadly.ir/software/mobile-tools/ldplayer/,https://downloadly.ir/wp-content/uploads/2020/02/LDPlayer.png
Wise Care 365 Pro 6.4.4.622 Multilingualبه‌روزشده در ‌ دیروز در 15:40در ‌ بهینه‌ساز2 دیدگاهدانلود Wise Care 365؛ برنامه برای پاک سازی و بهینه سازی ویندوز,https://downloadly.ir/software/optimizer/wise-care-365/,https://downloadly.ir/wp-content/uploads/2019/04/Wise-Care-365.png
Udemy – NFT Investing Masterclass – Pro-Tips about NFT Investing 2022-9به‌روزشده در ‌ دیروز در 14:29در ‌ آموزش تصویریدانلود NFT Investing Masterclass – Pro-Tips about NFT Investing | آموزش سرمایه گذاری در NFT,https://downloadly.ir/elearning/video-tutorials/nft-investing-masterclass-pro-tips-about-nft-investing/,https://downloadly.ir/wp-content/uploads/2023/02/NFT-Investing-Masterclass-Pro-Tips-about-NFT-Investing.jpeg
Udemy – IELTS Academic: 10+ Hours of Complete Course 2022-3به‌روزشده در ‌ دیروز در 13:26در ‌ آموزش تصویری3 دیدگاهدانلود IELTS Academic: 10+ Hours of Complete Course | دوره کامل آموزش آیلتس,https://downloadly.ir/elearning/video-tutorials/ielts-academic-10-hours-of-complete-course/,https://downloadly.ir/wp-content/uploads/2023/02/IELTS-Academic-10-Hours-of-Complete-Course.jpeg
Udemy – Build Polymorphic Components with React and Typescript 2022-4به‌روزشده در ‌ دیروز در 12:45در ‌ آموزش تصویری1 دیدگاهدانلود Build Polymorphic Components with React and Typescript | ایجاد کامپوننت های قابل استفاده مجدد توسعه پذیر,https://downloadly.ir/elearning/video-tutorials/build-polymorphic-components-with-react-and-typescript/,https://downloadly.ir/wp-content/uploads/2023/02/Build-Polymorphic-Components-with-React-and-Typescript.jpeg
O&O DiskImage Server (Pro/Workstation) 18.3 Build 266 x86/x64به‌روزشده در ‌ دیروز در 06:53در ‌ پشتیبان‌گیریدانلود O&O DiskImage ؛ نرم‌افزاری کارآمد جهت پشتیبان‌گیری,https://downloadly.ir/software/backup/oo-diskimage/,https://downloadly.ir/wp-content/uploads/2019/04/OO-DiskImage.png
SQL Backup Master All Editions 6.1.589به‌روزشده در ‌ دیروز در 05:36در ‌ برنامه‌نویسی4 دیدگاهدانلود SQL Backup Master ؛ نرم افزار بکاپ گرفتن از دیتابیس,https://downloadly.ir/software/programming/sql-backup-master/,https://downloadly.ir/wp-content/uploads/2019/01/SQL-Backup-Master-300x300.jpg
Luminar Neo 1.6.4 (10948) Win/ 1.6.3 (13862) macOSبه‌روزشده در ‌ دیروز در 05:27در ‌ گرافیک5 دیدگاهدانلود Luminar Neo؛ نرم‌افزار خلاقانه و مدرن ویرایش تصاویر مبتنی بر هوش مصنوعی,https://downloadly.ir/software/graphic/luminar-neo-3/,https://downloadly.ir/wp-content/uploads/2022/03/Luminar-Neo-Logo.jpg
Android Studio 2022.1.1.20 Win/ 4.0 Linux/macOS + SDK 2023.1.13به‌روزشده در ‌ دیروز در 04:32در ‌ برنامه‌نویسی3 دیدگاهدانلود Android Studio ؛ محیط برنامه نویسی اندروید,https://downloadly.ir/software/programming/android-studio/,https://downloadly.ir/wp-content/uploads/2019/05/Android-Studio.png
Rohos Logon Key 5.0 Multilingualبه‌روزشده در ‌ دیروز در 04:05در ‌ سیستمیدانلود Rohos Logon Key ؛ برنامه قفل کردن کامپیوتر با استفاده از فلش مموری,https://downloadly.ir/software/system/rohos-logon-key/,https://downloadly.ir/wp-content/uploads/2019/05/Rohos-Logon-Key.png
Microsoft Visual C++ 2022 Redistributable 14.34.31938.0 + AIO + MultiPackبه‌روزشده در ‌ دیروز در 04:01در ‌ دانلودهای عمومی،کاربردیدانلود Visual C++ Redistributable ؛ بسته مورد نیاز اجرای برنامه‌های ++C,https://downloadly.ir/software/utility/microsoft-visual-c-redistributable/,https://downloadly.ir/wp-content/uploads/2019/05/Microsoft-Visual-C-Redistributable.png
Macrium Reflect 8.1.7336 Server Plus x64 + WinPE/WinREبه‌روزشده در ‌ دیروز در 01:20در ‌ بازیابی اطلاعات2 دیدگاهدانلود Macrium Reflect ؛ نرم افزار پشتیبان گیری و بازیابی اطلاعات,https://downloadly.ir/software/data-recovery/macrium-reflect/,https://downloadly.ir/wp-content/uploads/2019/08/Macrium-Reflect.png
LogViewPlus 3.0.8به‌روزشده در ‌ دیروز در 01:01در ‌ کاربردی1 دیدگاهدانلود LogViewPlus ؛ ابزار مشاهده و تجزیه و تحلیل Logهای سیستم,https://downloadly.ir/software/utility/logviewplus/,https://downloadly.ir/wp-content/uploads/2018/12/LogViewPlus.jpg
Typora 1.5.5 x64/macOSبه‌روزشده در ‌ دیروز در 00:38در ‌ کار با متن و PDF2 دیدگاهدانلود Typora، ابزار ساده و قدرتمند تایپ، قالب بندی و تبدیل متن به HTML,https://downloadly.ir/software/office-pdf/typora/,https://downloadly.ir/wp-content/uploads/2022/08/Typora-Cover.jpg
FileMaker Pro 19.6.3.302 x64/ 19.5.4.401 macOS/ 19.4.2.204 Serverبه‌روزشده در ‌ دیروز در 00:32در ‌ برنامه‌نویسی10 دیدگاهدانلود FileMaker ؛ نرم افزار ساخت و مدیریت دیتابیس‌های رابطه ای,https://downloadly.ir/software/programming/filemaker/,https://downloadly.ir/wp-content/uploads/2019/05/FileMaker.png
Adobe Animate 2023 v23.0.1.70 Win/ 2021 v21.0.9 macOSبه‌روزشده در ‌ دیروز در 00:09در ‌ گرافیکدانلود Adobe Animate ؛ نرم افزار طراحی فلش و صفحات وب به صورت متحرک,https://downloadly.ir/software/graphic/adobe-animate/,https://downloadly.ir/wp-content/uploads/2019/05/Adobe-Animate.png
Udemy – Full course Circuit Analysis 2020-3به‌روزشده در ‌ 12 بهمن در 22:16در ‌ آموزش تصویریدانلود Full course Circuit Analysis | دوره کامل تحلیل مدار، آموزش مفاهیم پایه ای برای درک مدارهای الکتریکی,https://downloadly.ir/elearning/video-tutorials/full-course-circuit-analysis/,https://downloadly.ir/wp-content/uploads/2023/02/Full-course-Circuit-Analysis.jpeg
Udemy – Electric Vehicle Battery Management System – Course 2022-5به‌روزشده در ‌ 12 بهمن در 21:53در ‌ آموزش تصویریدانلود Electric Vehicle Battery Management System – Course | دوره سیستم مدیریت باتری خودروهای برقی,https://downloadly.ir/elearning/video-tutorials/electric-vehicle-battery-management-system-course/,https://downloadly.ir/wp-content/uploads/2023/02/Electric-Vehicle-Battery-Management-System-Course.jpeg
"Udemy – PCB/Electronics: Thermal Management, Cooling and Derating 2020-4به‌روزشده در ‌ 12 بهمن در 21:25در ‌ آموزش تصویریدانلود PCB/Electronics: Thermal Management, Cooling and Derating | آموزش مدیریت حرارتی در قطعات الکترونیک",https://downloadly.ir/elearning/video-tutorials/pcb-electronics-thermal-management-cooling-and-derating/,https://downloadly.ir/wp-content/uploads/2023/02/PCB_Electronics-Thermal-Management-Cooling-and-Derating.jpeg
"Udemy – Beyond Arduino, Pt 3: Interrupt Driven Embedded Applications 2019-10به‌روزشده در ‌ 12 بهمن در 20:57در ‌ آموزش تصویریدانلود Beyond Arduino, Pt 3: Interrupt Driven Embedded Applications | دوره فراتر از آردوینو، بخش ۳: برنامه های تعبیه شده وقفه گرا",https://downloadly.ir/elearning/video-tutorials/beyond-arduino-pt-3-interrupt-driven-embedded-applications/,https://downloadly.ir/wp-content/uploads/2023/02/Beyond-Arduino-Pt-3-Interrupt-Driven-Embedded-Applications.jpeg
Wondershare Recoverit 11.0.0.13 x64/ 11.0.4.11 macOSبه‌روزشده در ‌ 12 بهمن در 20:26در ‌ بازیابی اطلاعاتدانلود Recoverit ؛ نرم افزار بازیابی اطلاعات,https://downloadly.ir/software/data-recovery/recoverit-1/,https://downloadly.ir/wp-content/uploads/2019/05/Recoverit.png
MAMP & MAMP PRO 5.0.5.3998 Win / 6.8 macOSبه‌روزشده در ‌ 12 بهمن در 20:04در ‌ شبکه و سرور2 دیدگاهدانلود MAMP PRO ؛ نرم افزار ایجاد لوکال سرور بر روی مک,https://downloadly.ir/software/network-server/mamp/,https://downloadly.ir/wp-content/uploads/2019/09/MAMP.png
Opera 95.0.4635.25 Multilingual / GX 94.0.4606.79 x86/x64به‌روزشده در ‌ 12 بهمن در 19:03در ‌ اینترنتدانلود Opera ؛ یکی از مرورگرهای سریع اینترنتی,https://downloadly.ir/software/internet/opera/,https://downloadly.ir/wp-content/uploads/2019/04/Opera.png
Nox App Player (NoxPlayer) 7.0.5.2به‌روزشده در ‌ 12 بهمن در 18:52در ‌ ابزار موبایل1 دیدگاهدانلود NoxPlayer ؛ شبیه ساز رایگان و قدرتمند اجرای اپلیکیشن های اندروید در ویندوز,https://downloadly.ir/software/mobile-tools/nox-app-player/,https://downloadly.ir/wp-content/uploads/2019/04/Nox-App-Player.png
Ant Download Manager Pro 2.9.2.84176 Multilingualبه‌روزشده در ‌ 12 بهمن در 18:47در ‌ اینترنتدانلود Ant Download Manager ؛ برنامه مدیریت دانلود ساده و کارآمد,https://downloadly.ir/software/internet/ant-download-manager/,https://downloadly.ir/wp-content/uploads/2019/04/Ant-Download-Manager.png
3DCoat 2022.58 x64به‌روزشده در ‌ 12 بهمن در 18:40در ‌ مهندسی و تخصصیدانلود 3D-Coat ؛ نرم افزار طراحی اجسام و شخصیت های سه بعدی,https://downloadly.ir/software/engineering-specialized/3d-coat-6/,https://downloadly.ir/wp-content/uploads/2019/04/3D-Coat.png
IObit Uninstaller Pro 12.3.0.8 Multilingualبه‌روزشده در ‌ 12 بهمن در 18:36در ‌ کاربردیدانلود IObit Uninstaller ؛ برنامه حذف کامل نرم افزارها از ویندوز,https://downloadly.ir/software/utility/iobit-uninstaller/,https://downloadly.ir/wp-content/uploads/2019/05/IObit-Uninstaller.png
EaseUS Partition Master 17.6.0 Build 20230131 All Editionsبه‌روزشده در ‌ 12 بهمن در 18:08در ‌ بازیابی اطلاعات،سیستمی،مدیریت دیسک و پارتیشن2 دیدگاهدانلود EaseUS Partition Master ؛ یکی از بهترین نرم افزارهای مدیریت پارتیشن هارد,https://downloadly.ir/software/system/easeus-partition-master/,https://downloadly.ir/wp-content/uploads/2019/04/EaseUS-Partition-Master.png
Udemy – Growing Mushrooms Indoors for Business and Pleasure 2020-10به‌روزشده در ‌ 12 بهمن در 15:29در ‌ آموزش تصویریدانلود Growing Mushrooms Indoors for Business and Pleasure | رشد قارچ در فضای پوشیده برای کسب وکار و لذت،,https://downloadly.ir/elearning/video-tutorials/growing-mushrooms-indoors-for-business-and-pleasure/,https://downloadly.ir/wp-content/uploads/2023/01/Growing-Mushrooms-Indoors-for-Business-and-Pleasure.jpeg
"Udemy – Beyond Arduino, Part 4: C for Embedded Applications 2020-6به‌روزشده در ‌ 12 بهمن در 13:16در ‌ آموزش تصویریدانلود Beyond Arduino, Part 4: C for Embedded Applications | دوره فراتر از آردوینو، قسمت چهارم: C برای برنامه های تعبیه شده (توکار)",https://downloadly.ir/elearning/video-tutorials/beyond-arduino-part-4-c-for-embedded-applications/,https://downloadly.ir/wp-content/uploads/2023/01/Beyond-Arduino-Part-4-C-for-Embedded-Applications.jpeg
"Udemy – Beyond Arduino, Part 2: Analog Input Output 2019-10به‌روزشده در ‌ 12 بهمن در 12:27در ‌ آموزش تصویریدانلود Beyond Arduino, Part 2: Analog Input Output | دوره فراتر از آردوینو، بخش دوم: خروجی ورودی آنالوگ",https://downloadly.ir/elearning/video-tutorials/beyond-arduino-part-2-analog-input-output/,https://downloadly.ir/wp-content/uploads/2023/01/Beyond-Arduino-Part-2-Analog-Input-Output.jpeg
Mozilla Thunderbird 102.7.1 Windows/Linux/macOSبه‌روزشده در ‌ 12 بهمن در 06:25در ‌ اینترنتدانلود Thunderbird ؛ بهترین نرم افزار رایگان مدیریت ایمیل,https://downloadly.ir/software/internet/mozilla-thunderbird/,https://downloadly.ir/wp-content/uploads/2019/05/Mozilla-Thunderbird.png
Athentech Perfectly Clear WorkBench 4.3.0.2408 x64/ 4.3.0.2410 macOSبه‌روزشده در ‌ 12 بهمن در 04:48در ‌ گرافیکدانلود Athentech Perfectly Clear ؛ افزونه ویرایش و روتوش عکس در فتوشاپ,https://downloadly.ir/software/graphic/athentech-perfectly-clear/,https://downloadly.ir/wp-content/uploads/2019/04/Athentech-Perfectly-Clear.png
Udemy – Microservices with Node JS and React 2022-7به‌روزشده در ‌ 12 بهمن در 02:54در ‌ آموزش تصویری5 دیدگاهدانلود Microservices with Node JS and React ; آموزش تصویری میکروسرویس با نود و ری اکت,https://downloadly.ir/elearning/video-tutorials/microservices-with-node-js-and-react-4/,https://downloadly.ir/wp-content/uploads/2020/04/Microservices-with-Node-JS-and-React1-300x300.jpg
Allplan 2023.0.4 x64به‌روزشده در ‌ 12 بهمن در 01:48در ‌ مهندسی و تخصصی3 دیدگاهدانلود ALLPLAN ؛ بسته جامع طراحی و مدل سازی ساختمان ها به صورت سه بعدی,https://downloadly.ir/software/engineering-specialized/nemetschek-allplan/,https://downloadly.ir/wp-content/uploads/2016/04/ALLPLAN.png
MediaHuman YouTube Downloader 3.9.9.79 (3101) Multilingual x64/ 3.9.9.74 x86/macOSبه‌روزشده در ‌ 12 بهمن در 01:20در ‌ اینترنت2 دیدگاهدانلود MediaHuman YouTube Downloader؛ نرم افزار دانلود و تبدیل فرمت ویدیو از یوتیوب و سایر پلتفرم های اشتراک گذاری ویدیو,https://downloadly.ir/software/internet/mediahuman-youtube-downloader/,https://downloadly.ir/wp-content/uploads/2022/01/MediaHuman-YouTube-Downloader-Logo.jpg
Sublime Merge Build 2079 Windows/ Dev 2082 macOS/ 1119 Linuxبه‌روزشده در ‌ 11 بهمن در 23:34در ‌ برنامه‌نویسی2 دیدگاهدانلود Sublime Merge ؛ ویرایشگر قدرتمند متن و کد,https://downloadly.ir/software/programming/sublime-merge/,https://downloadly.ir/wp-content/uploads/2020/03/Sublime-Merge-.png
Udemy – Beyond Arduino: Electronics for Developers & Makers – (GPIO) 2019-4به‌روزشده در ‌ 11 بهمن در 23:20در ‌ آموزش تصویریدانلود Beyond Arduino: Electronics for Developers & Makers – (GPIO) | دوره فراتر از آردوینو: الکترونیک آرتز برای توسعه دهندگان و سازندگان,https://downloadly.ir/elearning/video-tutorials/beyond-arduino-electronics-for-developers-makers-gpio/,https://downloadly.ir/wp-content/uploads/2023/01/Beyond-Arduino-Electronics-for-Developers-Makers-GPIO.jpeg
AquaSoft Video/Photo Vision (SlideShow) 14.1.07 x64به‌روزشده در ‌ 11 بهمن در 22:44در ‌ گرافیکدانلود AquaSoft SlideShow ؛ برنامه ساخت اسلایدشو های مختلف با استفاده از عکس‌ها، آهنگ‌ها، ویدئوها و افکت‌های آماده,https://downloadly.ir/software/graphic/aquasoft-slideshow-3/,https://downloadly.ir/wp-content/uploads/2020/12/AquaSoft-SlideShow.png
AquaSoft Stages 14.1.07 Multilingual x64به‌روزشده در ‌ 11 بهمن در 22:35در ‌ ویرایش فیلم و صوتدانلود AquaSoft Stages ؛ برنامه ساخت فیلم از تصاویر، آهنگ ها و کلیپ های ویدیویی,https://downloadly.ir/software/audio-video-editors/aquasoft-stages-11/,https://downloadly.ir/wp-content/uploads/2020/12/AquaSoft-Stages.png
EndNote 20.5 Build 16860به‌روزشده در ‌ 11 بهمن در 22:26در ‌ مهندسی و تخصصی10 دیدگاهدانلود EndNote ؛ نرم افزار مدیریت و سازماندهی منابع و اسناد,https://downloadly.ir/software/engineering-specialized/endnote-4/,https://downloadly.ir/wp-content/uploads/2021/03/EndNote-.png
Uninstall Tool 3.7.2.5701 Multilingualبه‌روزشده در ‌ 11 بهمن در 20:15در ‌ بهینه‌سازدانلود Uninstall Tool ؛ برنامه حذف نرم افزارها,https://downloadly.ir/software/optimizer/uninstall-tool/,https://downloadly.ir/wp-content/uploads/2019/05/Uninstall-Tool.png
Remote Desktop Manager Enterprise 2022.3.32 Win/ 2022.2.12.0 macOSبه‌روزشده در ‌ 11 بهمن در 20:04در ‌ اینترنت14 دیدگاهدانلود Remote Desktop Manager ؛ برنامه مدیریت تمامی اتصالات ریموت,https://downloadly.ir/software/internet/remote-desktop-manager/,https://downloadly.ir/wp-content/uploads/2019/05/Remote-Desktop-Manager.png
nTopology 3.40.2 x64به‌روزشده در ‌ 11 بهمن در 19:56در ‌ مهندسی و تخصصیدانلود nTopology ؛ نرم افزار پیشرفته و جدید طراحی و مدل سازی صنعتی و مهندسی,https://downloadly.ir/software/engineering-specialized/ntopology/,https://downloadly.ir/wp-content/uploads/2022/03/nTopology.png
Notepad++ 8.4.9 Multilingual x86/x64به‌روزشده در ‌ 11 بهمن در 19:44در ‌ برنامه‌نویسی،کاربردی1 دیدگاهدانلود ++Notepad ؛ ویرایش گر پیشرفته فایل های متنی و زبان های برنامه نویسی,https://downloadly.ir/software/programming/notepad-plus-plus/,https://downloadly.ir/wp-content/uploads/2019/05/Notepad.png
Udemy – Midjourney Mastery: Create Visually Stunning AI Art 2022-8به‌روزشده در ‌ 11 بهمن در 19:38در ‌ آموزش تصویریدانلود Midjourney Mastery: Create Visually Stunning AI Art | تسلط بر خلق طرح های بصری خیره کننده با هوش مصنوعی Midjourney,https://downloadly.ir/elearning/video-tutorials/midjourney-mastery-create-visually-stunning-ai-art/,https://downloadly.ir/wp-content/uploads/2023/01/Midjourney-Mastery-Create-Visually-Stunning-AI-Art.jpeg
DVDFab 12.0.9.8 Win/ 12.0.8.2 macOSبه‌روزشده در ‌ 11 بهمن در 19:35در ‌ کپی DVD ،CD و Blu-rayدانلود DVDFab ؛ نرم افزار کپی، رایت و ساخت DVD,https://downloadly.ir/software/copy-cd-dvd-blu-ray-hd-dvd/dvdfab/,https://downloadly.ir/wp-content/uploads/2019/04/DVDFab.png
FileZilla 3.63.1 Pro / Free Win/Linux/macOS + Serverبه‌روزشده در ‌ 11 بهمن در 19:13در ‌ اینترنتدانلود FileZilla ؛ سریعترین نرم افزار انتقال فایل از طریق FTP,https://downloadly.ir/software/internet/filezilla/,https://downloadly.ir/wp-content/uploads/2020/02/FileZilla-Pro.png
Navicat Premium 16.1.7 Win/ 16.1.5 macOS / 16.1.2 Linuxبه‌روزشده در ‌ 11 بهمن در 19:11در ‌ برنامه‌نویسی5 دیدگاهدانلود Navicat Premium ؛ نرم افزار مدیریت انواع بانک اطلاعاتی,https://downloadly.ir/software/programming/navicat-premium/,https://downloadly.ir/wp-content/uploads/2019/05/Navicat-Premium.png
Navicat Data Modeler Premium 3.2.7 x86/x64به‌روزشده در ‌ 11 بهمن در 19:10در ‌ برنامه‌نویسی1 دیدگاهدانلود Navicat Data Modeler ؛ نرم افزار طراحی و ساخت دیتابیس,https://downloadly.ir/software/programming/navicat-data-modeler/,https://downloadly.ir/wp-content/uploads/2019/05/Navicat-Data-Modeler.png
HitPaw Photo Enhancer 2.0.3.1 Multilingual x64به‌روزشده در ‌ 11 بهمن در 19:09در ‌ گرافیکدانلود HitPaw Photo Enhancer ؛ برنامه افزایش کیفیت و بزرگ نمایی تصاویر,https://downloadly.ir/software/graphic/hitpaw-photo-enhancer-1/,https://downloadly.ir/wp-content/uploads/2022/11/HitPaw-Photo-Enhancer.png
Udemy – ChatGPT Masterclass: A Complete ChatGPT Guide for Beginners! 2023-1به‌روزشده در ‌ 11 بهمن در 15:23در ‌ آموزش تصویری1 دیدگاهدانلود !ChatGPT Masterclass: A Complete ChatGPT Guide for Beginners | راهنمای کامل کار با هوش مصنوعی ChatGPT,https://downloadly.ir/elearning/video-tutorials/chatgpt-masterclass-a-complete-chatgpt-guide-for-beginners/,https://downloadly.ir/wp-content/uploads/2023/01/ChatGPT-Masterclass-A-Complete-ChatGPT-Guide-for-Beginners.jpeg
Udemy – DevSecOps using GitHub Actions: Secure CICD with GitHub 2023-1به‌روزشده در ‌ 11 بهمن در 13:31در ‌ آموزش تصویریدانلود DevSecOps using GitHub Actions: Secure CICD with GitHub | آموزش امنیت و اجرای CICD با گیت هاب اکشن,https://downloadly.ir/elearning/video-tutorials/devsecops-using-github-actions-secure-cicd-with-github/,https://downloadly.ir/wp-content/uploads/2023/01/DevSecOps-using-GitHub-Actions-Secure-CICD-with-GitHub.jpeg
Udemy – Create Beautiful Imagery with Midjourney A.I. 2022-12به‌روزشده در ‌ 11 بهمن در 12:50در ‌ آموزش تصویریدانلود .Create Beautiful Imagery with Midjourney A.I | دوره خلق تصاویر با هوش مصنوعی,https://downloadly.ir/elearning/video-tutorials/create-beautiful-imagery-with-midjourney-a-i/,https://downloadly.ir/wp-content/uploads/2023/01/Create-Beautiful-Imagery-with-Midjourney-A.I..jpeg
Udemy – Total Barista – Professional Barista Course 2021-8به‌روزشده در ‌ 11 بهمن در 12:08در ‌ آموزش تصویری2 دیدگاهدانلود Total Barista – Professional Barista Course | دوره حرفه ای باریستا,https://downloadly.ir/elearning/video-tutorials/total-barista-professional-barista-course/,https://downloadly.ir/wp-content/uploads/2023/01/Total-Barista-Professional-Barista-Course.jpeg
Luxion KeyShot Pro 11.3.3.2 Win/ 11.2.0.102 macOSبه‌روزشده در ‌ 11 بهمن در 02:07در ‌ گرافیک1 دیدگاهدانلود KeyShot ؛ نرم افزار طراحی مدل های سه بعدی,https://downloadly.ir/software/graphic/luxion-keyshot-pro-1/,https://downloadly.ir/wp-content/uploads/2019/04/KeyShot.png
macOS Monterey 12.6.3 Hackintosh / Ventura 13.2 Hackintoshبه‌روزشده در ‌ 11 بهمن در 01:59در ‌ سیستم‌عامل24 دیدگاهدانلود Hackintosh macOS Niresh ؛ نصب سیستم عامل macOS بر روی رایانه معمولی,https://downloadly.ir/software/operating-system/hackintosh-macos/,https://downloadly.ir/wp-content/uploads/2019/02/Hackintosh-macOS.png
Araxis Merge Professional 2023.5848 x64/ 5809 macOSبه‌روزشده در ‌ 11 بهمن در 00:37در ‌ برنامه‌نویسیدانلود Araxis Merge ؛ برنامه مقایسه فایل‌ها، پوشه‌ها و کدهای برنامه نویسی,https://downloadly.ir/software/programming/araxis-merge-pro/,https://downloadly.ir/wp-content/uploads/2021/10/Araxis-Merge-.png
MAGIX Samplitude Pro X7 Suite 18.2.1.22560 Multilingual x64به‌روزشده در ‌ امروز در 12:56در ‌ ویرایش فیلم و صوتدانلود Samplitude ؛ نرم افزار قدرتمند ساخت موسیقی,https://downloadly.ir/software/audio-video-editors/magix-samplitude/,https://downloadly.ir/wp-content/uploads/2019/04/Samplitude.png
Disk Drill Enterprise 5.0.734.0 x64 / 5.1.1111 macOSبه‌روزشده در ‌ 11 بهمن در 00:15در ‌ بازیابی اطلاعاتدانلود Disk Drill ؛ نرم افزار بازیابی داده ها,https://downloadly.ir/software/data-recovery/disk-drill-2/,https://downloadly.ir/wp-content/uploads/2019/05/Disk-Drill.png
"Udemy – High-Level Synthesis for FPGA, Part 3 – Advanced 2023-1به‌روزشده در ‌ 10 بهمن در 23:32در ‌ آموزش تصویری3 دیدگاهدانلود High-Level Synthesis for FPGA, Part 3 – Advanced | سنتز سطح بالا برای FPGA، بخش ۳ – پیشرفته",https://downloadly.ir/elearning/video-tutorials/high-level-synthesis-for-fpga-part-3-advanced/,https://downloadly.ir/wp-content/uploads/2023/01/High-Level-Synthesis-for-FPGA-Part-3-Advanced.jpeg
Udemy – Learn Dutch in Dutch 3: master the 1000 most used words 2022-7به‌روزشده در ‌ 10 بهمن در 22:50در ‌ آموزش تصویریدانلود Learn Dutch in Dutch 3: master the 1000 most used words | آشنایی با ۱۰۰۰ واژه پرکاربرد هلندی,https://downloadly.ir/elearning/video-tutorials/learn-dutch-in-dutch-3-master-the-1000-most-used-words/,https://downloadly.ir/wp-content/uploads/2023/01/Learn-Dutch-in-Dutch-3-master-the-1000-most-used-words.jpeg
Udemy – Learn Dutch… in Dutch 2: the Dutch language for beginners 2022-7به‌روزشده در ‌ 10 بهمن در 21:46در ‌ آموزش تصویریدانلود Learn Dutch… in Dutch 2: the Dutch language for beginners | آموزش زبان هلندی سطح A2,https://downloadly.ir/elearning/video-tutorials/learn-dutch-in-dutch-2-the-dutch-language-for-beginners/,https://downloadly.ir/wp-content/uploads/2023/01/Learn-Dutch...-in-Dutch-2-the-Dutch-language-for-beginners.jpeg
Trimble Tekla Structures 2022 SP7 + Environmentsبه‌روزشده در ‌ 10 بهمن در 21:09در ‌ مهندسی و تخصصی7 دیدگاهدانلود Tekla Structures ؛ نرم افزار پیشرفته مدل‌سازی اطلاعات ساختمان,https://downloadly.ir/software/engineering-specialized/tekla-structures-12/,https://downloadly.ir/wp-content/uploads/2021/01/Tekla-Structures.png
